,min,max
O1D,1e-08,155.08102619538798
O,1e-08,1040640572.8757966
O3,537700219590.0799,848662008191.0068
NO,1e-08,943327091.3773522
NO2,153172908.6226477,1096500000.0000057
